Word,Frequency
mid-week,2
goodfood,2
powders,2
nottingham,2
tr1sh_c,6
saved,9
increase,5
//t.co/yb75jwnve9,2
feeding,6
designthinking,2
neighbours,2
recycle,12
lord,2
//t.co/nnkcbvmojr,3
worth,15
callin,9
rescue,6
unsold,2
compassion,9
blanket,3
every,63
greentech,2
expertly,4
bringing,2
electronics,4
usda,4
school,4
baking,4
ref,2
companies,24
solution,10
//t.co/foqtm4tpm0,2
systemic,2
overview,3
methane,3
bill,2
//t.co/iefsabqdq3,2
//t.co/qtmk69fz3a,2
foridge,3
chef,9
enidborden,2
fabulous,2
//t.co/s8vw9blq8n,2
mealout,2
implemented,4
even,4
4deets,2
creating,2
hate,45
cooking,7
foodforward.org,2
eventprofs,2
new,60
tips,85
ever,20
yangkeenoodle,5
sinks,2
never,13
hr1599,2
paultratnyek,2
hundreds,2
met,2
feedbackorg,40
100,3
cardboard,2
//t.co/bo5ybqbdhr,3
kids,2
items,24
sjc,3
//t.co/flcesyyv97,2
gon,2
tackling,16
golden,2
fantastic,10
//t.co/6lfci4iogi,3
campaign,17
9b,4
schooling,3
brought,2
removal,4
zagdining,3
//t.co/yxdtq65zvo,60
would,12
arms,2
earth=https,2
call,13
farmersmarket,5
preview,3
type,2
tell,4
//t.co/t3thykw5fj,14
yo,2
uglyproduce,3
sobering,28
excellent,3
earthsgeneral,4
must,25
join,34
room,2
post-harvest,2
work,15
worm,2
mt,8
wort,4
zerowastewise,3
//t.co/m6zvev5o,2
foodie,5
fresher,2
give,9
foods,15
veggies,18
want,4
keep,37
risk,2
aging,6
end,99
recovery,8
undrstnd,2
nuts,95
feature,3
far,9
hot,5
answer,3
place,6
pizza,3
'meatballs,5
insidescoopsf,2
wrong,2
futureoffood,2
//t.co/cw,5
third,3
supermarkets,33
inefficiency,2
green,11
//t.co/owh1rqybkj,2
things,3
greatnationseat,3
first,18
oilspill,2
sub-saha,6
6.7,9
hibernation,2
london,8
innovative,4
//t.co/arbhxxdlmh,8
wilting,3
personal,4
highlights,34
fix,3
striking,2
socialmedia,5
//t.co/ho91grpfxa,2
better,8
sceneherdpr,2
400,9
olver,2
weeks,7
mgodoyh,2
//t.co/d5jsmmikgj,2
safe,24
finish,2
revelations,2
parliaments,9
reaches,3
schools,5
bank,2
bread,6
meat,5
potatoes,5
leading,3
//t.co/qgraazh85z,2
dumps,2
//t.co/wa,2
meal,8
intercepted,2
mean,3
signing,5
131kg,2
councils,2
dumping,4
foodwastecoll,3
foodshednj,4
different,5
trending,24
//t.co/fte2xlpsua,3
freeze,4
foodshedbtn,2
re,2
zomgnerd,3
millions,95
turning,6
gem,2
leftovers,12
u.s.,32
free,9
247,2
worldwatch,2
//t.co/iagljpmox1,2
eatuglyfood,2
ate,2
exposing,2
388bn,3
shelves,2
argument,2
//t.co/pufbeyprch,2
days,3
silicon,2
ordering,2
walmart,8
uses,6
already,4
primary,2
rank,2
lettuce,2
featured,8
//t.co/q90dvexcmb,2
another,6
households,10
//t.co/qsrvhk4hw9,10
top,8
needed,4
pressing,4
thoughts,4
john,202
foodwas,7
dogs,2
//t.co/wyjbrnsu3o,14
listen,4
urban,2
tool,4
//t.co/fkparnw,5
wastes,4
binned,40
foodbev,4
lfhw_ca,2
wasted,105
youcandothis,2
showed,11
programs,4
second,2
tackles,14
project,25
spoiled,4
tackled,4
agriculteurs,2
spoiler,2
lbs,2
ozzyopolis,2
//t.co/ufkxtbcdti,2
foodiswasted,4
talking,11
//t.co/qj5gpu6xqt,2
seen,5
siliconvalley,2
mins,2
kswp610,2
keithcooperman,3
practices,5
punish,4
//t.co/8eboitk6ay,2
//t.co/hvxocezv,3
drought,2
zerowaste,17
//t.co/ar5hr,2
episode,14
soups,5
consumed,2
lfhw_uk,14
definitely,4
entertaining,2
consumer,10
signatures,11
ah,2
hunger,47
ending,3
solutions,10
socialleaf,2
hungary,4
//t.co/ktxa6uuncd,2
//t.co/nb5,3
par,3
//t.co/p3oi7it6tb,2
expo2015,28
pyrmont,5
foodshare,2
celery,2
fastcoexist,2
version,2
rich,12
gritty,2
nfesh1,2
//t.co/zuukz2kl8z,2
colorful,3
watch,249
foodinsecurity,7
report,9
societies,2
//t.co/mqiyuteh14,11
greens,2
covering,7
//t.co/4temaqeo,116
public,5
bad,2
anti-food,8
transporting,18
mandatory,2
rockstar,2
w/,52
//t.co/5smqdnq0xo,2
-esp,4
foodstartupspod,11
//t.co/2yhkiqf2bv,3
yes,9
co2,2
lots,3
away,30
future,4
yogurt,4
//t.co/ks7zopvkvl,3
approach,3
news,27
ivaluefood,3
improve,6
climate,13
country,9
//t.co/rpzlgm1mqd,15
lunches,2
wastenofood,8
sugestin,2
vote,2
//t.co/j4luvg7ed1,7
zooshare,6
tons,3
initiative,8
//t.co/fnvy1brfuz,3
naperville,2
speak,2
targeting,3
puts,2
countrys,17
warehouses,18
shout,2
difference,2
much,101
basic,2
guardiansustbiz,19
bed200,4
//t.co/51ckumogg1,4
//t.co/rvrw3wb99v,117
website,2
life,5
partnership,3
demuths,15
cleanenergy,2
worker,2
uglyfruitandveg,12
ecofriendly,3
naturalgourmet,2
catch,5
165,13
haters,5
mcr,2
horrors,2
east,8
//t.co/uxzegnqson,5
acumenwaste,4
newest,2
aim,2
ugly,21
//t.co/ktzrsjlvzu,2
whatthefork,5
//t.co/eu19bhuoth,12
inspired,3
smartrecycle_us,3
schoolmealsrock,13
//t.co/n5dtcmp8nk,2
reports,6
mitsloan,13
800,3
brenttoderian,4
make,49
segment,36
//t.co/so8pvaxgsf,2
foodcambridge,2
//t.co/pvvgxfozaf,3
vegetable,3
wholefoods,10
several,6
evry1,2
social,2
action,15
actlocal,4
mentions,6
opportunity,5
//t.co/jkgf5eb,2
thx,11
1million,6
foodwasteuk,5
edmonton,3
thanks,44
human,4
nextdoorbaker,3
facts,6
yep,2
smoothies,6
32,7
//t.co/2mn7cvtgzh,3
yet,6
//t.co/cgdrb9emkt,2
nowaste,2
27th,8
expo2015milano,3
collections,2
board,4
easy,3
save,9
comprehensive,2
breaks,7
possible,4
birds/yr,2
//t.co/6gn6xmx8b7,11
//t.co/jdeni513h1,2
50,6
informative,10
steps,5
night,27
security,6
right,13
old,2
deal,5
people,36
juicers,2
chefscollab,2
humor,3
purple,3
//t.co/wz5,17
//t.co/tzau00zmyi,2
/,55
creative,2
asking,2
foo,2
pickling,2
pls,3
plz,2
losing,2
post,31
bywatersuk,2
tucoltd,2
//t.co/,13
//t.co/wewzcil8cg,4
gleaning,2
//t.co/svawlkgcic,15
'social,2
commit,8
sept,3
digestion,5
wasting,29
obscene,2
ppl,2
thankful,2
donated,2
wrap,4
reducing,50
support,11
fight,9
splash,3
way,53
jane,2
food_not_waste,2
war,3
lowest,3
head,3
offer,4
ecoherohunter,2
//t.co/95zhwsihxg,35
eatlocal,3
hear,2
true,9
congratulations,6
prevents,2
ouishareuk,3
//t.co/v4wtm6pnsl,3
//t.co/lze4atvjtm,2
proud,6
toss,2
covers,3
check,54
shit,3
earthshare,4
nh,5
nysp2i,4
nicaragua,2
insane,2
alerts,6
tossing,39
reality,6
role,3
//t.co/csescxkgwx,2
bailout,2
scored,2
picture,2
juicer,4
welcome,2
update,2
journey,3
nods,16
uneaten,2
billion,15
longer,43
potato,5
//t.co/xbmvuujsaf,7
together,5
uncovered,4
foodindustry,2
future500,5
time,25
serious,112
//t.co/bsenxdbse4,4
skip,2
global,51
wastedfood,7
grateful,3
//t.co/k3a3n0afkh,15
chair,2
recessbeforelunch,8
yummy,2
ukbusinessrt,10
april,4
santel,3
environment,8
veg,31
finally,2
feeding9billion,4
simmer,5
applauding,6
//t.co/iwpuvpx8po,2
vegan,6
energystorage,2
cook,12
//t.co/45zzu4mm67,6
minute,4
cool,6
//t.co/olrhmzotru,11
impressive,2
level,4
alternet,2
peeps,2
lovefoodhatewaste,9
team,6
quick,2
'feeding,2
ludobok,10
prevent,25
talked,3
says,7
//t.co/glsz9fmjky,2
bravo,5
sign,27
cost,24
wastemanagement,4
29403317,7
run,2
rollingstone,6
dutchovening,2
shares,2
stopfoodwaste,9
peels,2
goes,11
processing,2
guardian,5
learn,13
shout-out,4
waitrose,2
water,15
address,34
terrawellington,2
change,18
box,3
hbo,24
brilliant,20
shift,2
stomachs,2
sustainableli,2
nitty,2
beautiful,2
love,76
humour,2
extra,2
abdelsalamzayed,2
1st,8
embarrassing,2
//t.co/twzlmecsnv,3
afterlife,3
working,12
grundonrecycle,2
france,6
smrtgrls,3
australian,2
today,22
loving,4
introducing,5
sharing,6
distribution,2
//t.co/sqta7ajwy6,8
//t.co/gpvhhsxf8e,2
effort,2
//t.co/iipl,14
edible,21
cap,4
values,3
//t.co/ktq8s5htfg,2
growing,3
making,8
http:,17
crazy,4
nexus,3
expanding,3
awesome,9
sense,4
leahmcgrathrd,3
topic,4
heard,2
savefood,43
thrilled,2
o,2
northbaynews,2
production,3
234,3
occur,2
doesnt=,4
swedish,5
discussion,5
watching,6
freezer,7
1,10
sunday,3
//t.co/atfxqunwte,3
nyc,2
govegan,9
fareshareuk,19
may,4
//t.co/zhvbsjmsb4,2
sustainability,43
heartbreaking,9
produce,165
date,25
waste,358
heroes,2
//t.co/y5jjhvjfuk,2
grow,4
man,3
realpigfarming,9
//t.co/lurplbs24v,3
//t.co/ryiv62hz,27
80,2
talk,11
//t.co/mop96wub7s,39
iexpo2015,2
unacceptable,5
cuts,3
epic,2
still,11
avid,2
thank,21
interesting,5
foodfighthunger,3
amazing,31
continue,2
celebrate,8
//t.co/psv9tqh3t1,5
policy,7
civileats,79
petition,10
views,3
recipes,90
sarcastic,2
half,9
skewered,5
discuss,2
dinnerexchangee,5
eugreencard,26
sainsburysnews,4
reverb,7
nrdc,20
challenged,3
webinar,11
year,37
eu,22
canada,9
living,3
cafeteria,5
forgottnharvest,6
3rd,2
payf,8
looking,10
imperative,2
//t.co/5tbsbxphvt,3
//t.co/cexmvgviez,2
shows,9
//t.co/gmwllg4k9,3
state,3
cars,3
million,40
tipacorp,26
quite,4
wrap_uk,8
//t.co/slahvurltt,2
care,4
grist,2
language,5
calories,3
turn,18
lie,2
massive,3
think,10
oafb,2
saving,12
one,26
americans,56
//t.co/ydwmmzfiqx,2
carry,2
bristolcouncil,2
1.3bn,7
bite,10
uks,5
anyone,4
2,18
shoppers,4
bits,3
//t.co/bqxdtuyy2x,5
//t.co/tzr6zjeqzl,2
inefficient,3
usdanutrition,8
resourceconservation,2
idealand,2
released,2
ridiculous,6
flowers,5
bobs,2
oliver..,2
11,2
10,23
12,8
15,6
//t.co/gs9pjhoutz,4
16,3
19,4
18,2
stefanie_sacks,5
orgz,3
schoollunch,8
fernnews,7
fruits,55
proactive,2
published,4
fork,3
eye-opening,3
turned,2
sad,3
fucking,2
say,2
comedian,3
recover,4
umnione,2
foodtechconnect,12
//t.co/sfpdqvs78a,2
yaaaaa,2
ideas,2
dining,2
packagingtoday,2
potential,5
take,56
online,12
destroy,3
urge,12
sure,4
investigations,2
track,8
knew,3
insanity,2
donation,2
printed,4
america,52
],16
climateaction,2
hungry,132
//t.co/56bnd2lxn5,2
senior,3
cityharvest,2
gamechanger,2
surplus,11
show,13
recipe,11
superb,2
//t.co/wnvv9ebtgs,4
treasure,16
3,6
save_food_news,42
going,53
huffpostcomedy,3
awareness,5
get,26
freezing,5
truly,6
dyk,32
macleansmag,13
morning,6
//t.co/flwbpwvoz6,2
bokashi,2
nsfw,3
insightful,3
clarkewolfe,2
treehugger,6
//t.co/fttt67hvlt,5
clips,2
enlightening,3
farmers,25
ways,17
alarming,2
behind,8
endhunger,3
//t.co/nzejpunnvz,7
eu_greencapital,2
supermarket,68
jo,3
realjunkfood,2
foodwaste2020,22
//t.co/jxzxbeaude,2
article,5
cities,4
come,5
dates,10
horrifying,2
//t.co/svcxsftph9,5
many,6
//t.co/qas1e1pbdt,2
according,2
contract,3
blasts,3
clever,2
buymeby,3
comes,8
among,6
onemillion,3
key,5
cancer,6
//t.co/lm6xf9vxsv,2
//t.co/qyuyyh5ywo,4
homeless,5
//t.co/o85kng9t1w,2
learning,4
henrigrossman,3
//t.co/d7vmktsjxd,3
foodrescue,7
changeourfood,4
oliver,199
locally,3
sustainablesand,3
//t.co/4y9lengzxq,4
//t.co/n,2
lordseucom,25
renewables,7
wants,22
shopping,2
realtalk,2
//t.co/ka8d5tshgr,2
johnp_cybake,24
curbing,4
photos,5
foodinjars,2
globally,9
timeoutlondon,2
50m,2
developing,3
the4gnet,2
//t.co/2tmddd134j,2
voanews,2
foodshift,10
shops,2
//t.co/du1gpy2btp,2
realjunkfoods8,8
chat,3
goodfoodau,2
soil,5
strain,5
//t.co/xqzsrqpeqn,2
//t.co/bxwbvvhrqn,19
reachscale,3
participant,5
harsh,2
author,6
media,4
whyte,2
followers,6
eoealliance,2
lfhw_nz,2
bring,2
events,4
week,76
9x9,3
//t.co/vak8swnod0,2
must-watch,3
running,5
fruit,17
//t.co/7d,2
foodcycle,65
bancoalimentare,4
solve,16
alleviate,2
na,2
summer,3
bancoalimentopr,3
money,12
compassgroupusa,7
//t.co/uok0osly7o,2
//t.co/altorpdh6y,2
biotechenergyuk,3
//t.co/bsz1hs9oot,6
skunabay,2
thinking,7
senseless,2
blog,14
lets,9
bigger,2
baronessros,6
//t.co/evyqxxa2cj,3
olio_ex,7
aspects,2
around,29
read,7
fridge,3
//t.co/djaczrr9zn,2
mon,8
reducefoodwaste,4
world,12
topoli,2
emerson,2
arash,2
https:,8
kqednews,3
pounds,2
suppliers,2
pet,2
've,8
//t.co/acgzgfyaj4,2
farmdrop,2
//t.co/g84ouxfu51,3
served,2
//t.co/2y4rm3kpwk,7
reduced,4
n/week,2
hacks,2
facehunger,3
respect,4
images,2
pickles,5
//t.co/od3npvxu5k,10
socent,6
harvardflpc,4
//t.co/2nxitmpvpm,2
pasderestes,2
football,3
visualize,3
business,6
equivalent,2
flatulent,3
leftover,14
food-sharing,2
biologyjobs,3
shocking,8
brighton,7
ok,2
industry,10
capable,2
discussed,2
boldly,2
'd,2
greatly,2
act,2
foodsecurity,18
discusses,10
timothy,2
road,3
climatejustice2015,3
overripe,3
//t.co/ld8r36yeib,3
mental,5
//t.co/n9e0vezja3,2
area,5
hey,9
myths,3
start,18
jonathanbloom,16
lot,3
4:30,3
valley,2
energy,7
ago,6
pizzahut,2
idea,5
land,2
//t.co/72smbxnkto,2
buying,7
foodpolicy,2
prototype,3
whatawaste,7
emissions,3
zeer,2
pulp,6
nytfood,2
reduces,3
ag,2
//t.co/kng0ywfoqp,6
//t.co/xkpe6ntg8q,9
tasty,6
daily,11
//t.co/buh3iiki5t,3
film,6
fill,5
4.7,9
hazeltechusa,2
//t.co/irorqyexxu,2
valid,2
5,27
trash,29
foodsafety,6
gaining,3
ryanhobes,2
congress,12
ulupono,3
herbs,5
important,6
coverage,4
tackle,30
//t.co/z2crw9kgcr,2
berries,40
//t.co/vzpkxd4lik,15
landfill,7
mass,27
//t.co/ya10mcs6ds,3
//t.co/otsabuc3uj,2
starting,4
rnfrstalliance,4
consider,3
dollar,2
//t.co/l2burvlzl6,3
thoughtful,2
talks,27
follow,6
children,7
causes,5
//t.co/krofyfqknl,22
netimpact,6
//t.co/uketmdl6pe,2
chain,2
ty,5
tv,4
tu,2
//t.co/qe3h22dvro,2
sociological,2
champions,4
program,2
co-signed,3
'ugly,4
volunteer,8
song,2
grinds,4
fat,3
skewering,4
bestbefore,4
//t.co/aogpkvnivn,3
therulesorg,3
--,7
joined,8
endinghunger,3
small,3
lisa,4
leedswastedocs,2
homeracaribbean,2
wehatetowaste,3
zeropercent,2
walmartgiving,5
burger,3
zero,25
pass,2
90s,4
consumers,10
pinterest,2
ecudining,4
//t.co/slxxo9h,16
incpen,9
//t.co/4uempdsute,3
floats,2
method,4
handy,3
movement,14
combating,3
simon,8
excess,3
jul19,2
//t.co/kiwfd,2
vegetarian,6
losses,44
lasagne,2
amount,11
pick,3
myspoileralert,17
struggle,2
.iamjohnoliver,2
via,144
//t.co/jjp8kc1d9v,4
vid,2
partnering,4
//t.co/8un,3
kadriilham,2
manage,4
ozharvest,6
//t.co/wwtiflcc31,3
takes,14
//t.co/rcschwy0et,2
tlb,10
two,4
tomoconnornyc,2
6,27
foodfuelfuture,6
staggering,5
company,4
playworks,8
//t.co/amupymvcdi,2
broke,2
//t.co/y6vx36twjl,2
carlsjr,3
webmaster,2
glad,10
slowfoodusa,7
town,5
keeping,7
ediblebrooklyn,2
so'n,4
kcrwgoodfood,2
strategies,19
2ndharvestto,4
iamjohnoliver,337
share,9
states,2
numbers,3
//t.co/5biqggzt8t,2
mainstream,2
huge,14
needs,11
equoevento,2
technology,16
greenpeace,97
milk,7
surpassed,2
feedbelliesnotbins,9
foodsystem,4
explains,8
plant,2
continues,3
plans,2
localfood,2
advice,2
kitchenmarthas,3
//t.co/ans8ifzp6q,4
tries,2
ff,2
coming,7
fo,2
short,4
//t.co/ybisfoiyjq,2
svtpca,4
banks,6
danafrasz,4
corrugated,4
help,65
charities,2
committee,3
committed,18
//t.co/opjdiyxnjs,3
dont,17
25,2
20,9
21,3
fined,2
actually,4
livablefuture,3
//t.co/n6ejnsfh1o,37
match,2
might,4
loveuglyfood,7
gmos,2
good,60
food,714
largest,3
faoknowledge,24
veggie,2
icymi,12
communities,5
yr,24
fighthunger,2
//f52.co/1szv2aw,16
//t.co/kepofmioqz,2
rant,31
//t.co/nap3yninu7,2
always,5
foodvisors,2
habits,2
latinousa,4
sustainablog,2
everyone,16
delicious,14
//t.co/82qlzj1tbi,2
//t.co/oywzueo0kw,4
hard,2
reduce,192
//t.co/9fsqg7bg0q,5
engaging,2
oil,3
event,6
really,8
//t.co/1toqvc3xgx,2
//t.co/cgdrb9wnjt,3
frcertified,3
since,2
research,5
cmttee,17
//t.co/a8hvutx10v,8
originmagazine,5
health,19
7,3
issue,130
//t.co/tmqkhrticd,2
sbv,4
c2015,2
ron_taylor73,2
europesavesfood,27
greenliving,2
reason,4
ask,2
generate,11
scathing,4
thrown,10
thedolapo,5
benefits,3
andrewzimmern,6
americas,5
american,22
enough,8
lawsuits,2
feed,27
//t.co/0c8mbyzxk6,4
federcongressi,2
//t.co/lkoag2iera,2
done,2
//t.co/j4u7ldlinc,2
//t.co/uptnjhi6hh,4
mist,2
story,17
//t.co/u1mnstbklp,4
temperature,11
*don't*,3
//t.co/19fk0w0d7r,10
expand,2
storm,8
scary,2
store,5
//t.co/5e1xedfwnt,2
selling,4
imperfect,14
relationship,30
contains,2
interviewed,3
globalgreen,2
part,7
//t.co/vgbuhfojqf,2
king,3
grocery,10
farming,6
htt,22
risks,2
dried,2
motivation,7
eatsustainable,11
urgently,2
cechr_uod,15
juice,2
bkfst,4
u.s,94
//t.co/oxbxkbmeri,16
targets,5
also,11
foodforwardla,2
//t.co/m6392f8iir,2
ecochippings,4
play,2
eggs,5
measures,4
reach,4
chart,133
//t.co/ccc0edg0n4,2
75,3
fridges,3
statistics,2
verisstrat,2
refrigerator,5
cover,4
hints,2
berniesanders,2
usual,3
joining,2
sector,2
gold,6
minimizing,2
businesses,9
'last,2
routinely,4
find,6
costing,2
bananas,2
impact,3
justice,9
//t.co/zgfgsevft8,60
randy,3
pretty,5
//t.co/jtpg3athtt,3
wfp_health,21
olgavegana,8
iamjohnol,2
"5,000",3
rule4,2
stopdumping,91
2009,7
//t.co/9ty2xmkvik,2
cry,5
watched,6
//t.co/mfsn9uhrkt,2
cgf_the_forum,4
sustainable,10
//t.co/t921e2vp2s,6
set,3
dump,2
throwing,6
startup,14
see,36
//t.co/x5gpovawqx,2
chambers,3
locals,3
melton,2
nailed,4
wow,5
imperfectfruit,7
please,12
//t.co/qm4bbjktxn,4
justeatit,2
donate,20
recently,22
responses,4
excessive,7
sold,2
attention,12
last,117
//t.co/jmkah58vgw,2
egglandsbest,4
annual,7
foodinsecure,3
kitchens,2
helmberjodi,2
canadians,5
essex,8
poverty,9
whole,6
albeit,2
canadas,3
point,100
simple,5
composting,6
recycling,4
community,5
asda,19
[,15
foodwaste,2315
//t.co/sqc4vxdsus,10
humorous,5
create,3
buttermilk,2
reduction,4
pa,2
4,10
dialogue,2
//t.co/cegidu967i,5
crack,2
gas,2
anthony,2
bigade1665,2
//t.co/fzs2rybn23,11
timetoeat,8
plants,2
//t.co/ssyozlcs1g,3
look,42
tip,7
//t.co/th9tfo7vqv,5
budget,2
healthy,9
lesdamesatl,3
middletn,3
fun,4
guide,3
real,32
//t.co/bx9twzyvos,2
ready,2
89m,41
funny,25
meghanjambor,3
italy,2
//t.co/gu6w1uhhiq,2
2030,5
truning,14
sell,5
used,18
//t.co/tlvscyp0bs,2
//t.co/zfvjyb9poy,2
yesterday,4
alert,2
levels,2
msmollyrivera,5
//t.co/4sbmkvzsge,4
eatuglyfruit,3
lower,3
analysis,4
rachel_demuth,14
maggietranquila,4
spend,4
michaelmossc,5
//t.co/lmsyqcekbs,2
niceone,7
//t.co/ats8000bx8,3
using,3
startups,20
wage,3
cut,179
veganism,9
$,15
readers,4
education,7
//t.co/vjjzuj4kzy,9
funny/explicit,2
excited,3
//t.co/bb4pv9jtme,2
bin,8
customers,2
australia,2
big,7
//t.co/le0ia6sk5a,5
13:00,8
//t,45
biz,3
commentary,2
potus,3
bit,17
helpful,7
foodsecurityuk,2
earthisland,2
message,2
poisonousafter,4
holes,2
farmsharefl,2
essential,17
gardening,3
often,2
absolutely,3
jamieoliver,2
back,11
food_bank,3
foodretailer,3
mighty,4
lactosefree,2
wanho73,2
dutch-ovening,2
benefit,3
per,5
volunteering,5
connecting,7
bogus,2
innovation,9
ukbusines,2
//t.co/zztq7,91
//t.co/x6dvqf7fkl,2
eating,7
frittata,4
//t.co/osylaxtuzd,5
eveheyn,5
green_bob,3
goods,9
usa,4
feedingamerica,12
//t.co/q1u3rpfzsr,2
idp,5
//t.co/fhrwrgi2xw,2
slams,2
seeing,3
eaten,10
garbage,6
//t.co/bp5jeitzw1,2
70,2
justeatitfilm,15
goodfoodforall,2
sarahmoranrdn,3
lesson,2
ptank_sciclub,3
question,2
long,10
//t.co/hb0thwsu7s,2
forward,2
twitter,4
etc,2
foodrecovery,8
'good,2
sdg,2
link,4
_saraaridi,2
susty,3
secondharvestfb,2
ruralliv,6
raising,6
info,2
us,94
ur,3
planet,12
melisafranzen,5
un,3
uk,12
//t.co/inv2k,2
called,9
bbuk,2
waterfoodprint,2
cbeitchman,5
alumni,14
susta,2
//t.co/j,2
//t.co/i,6
//t.co/w,2
//t.co/u,8
no-holds-barred,2
thinkeatsave,41
morehouse,4
cafe,10
//t.co/x,2
facebook,6
disappoints,2
%,48
preventing,2
application,6
points,3
nat,2
scraps,14
inglorious,2
kjhodgins,3
ucberkeleynews,4
problems,6
helping,5
generated,5
mpp_ltd,3
councillors,8
//t.co/0,21
fertilizer,4
thestopcfc,2
//t.co/elpe2w7tqp,2
hackney,2
//t.co/4s7vk6itvn,6
thompsonshelley,3
rescued,6
youtube,11
endhungernow,3
utilises,2
fresh,40
//t.co/k3dsqe44bv,2
takepart,3
meetingindustry,2
//t.co/lbdwnevje7,2
infographic,85
groceries,3
unep,77
go,95
retail,2
the_sra,5
centers,2
issues,31
solveseniorhunger,5
rescuingcuisine,3
//t.co/st3bze8njt,6
instyleeventi,2
compost,13
helps,14
charity,4
resources,6
reach_training,2
taste,2
garden,4
ncass_uk,5
newleafcmarket,2
graphic,6
homework,4
secondnexus,3
stophungerusa,2
//t.c,53
try,4
//t.co/hnkbaydpkg,2
jaw-dropping,2
documentary,2
smaller,3
foodsovereignty.,4
//t.co/8jn3xt8bui,11
video,43
download,6
ourescapeblog,2
folk,3
//t.co/ewdpsuhmbk,2
whitemoustache,3
soup,3
giving,2
saw,2
flosanmo,2
rotten,18
nails,9
3d,4
uglyfruit,6
exchange,3
8thplate,6
pushing,2
let,23
//t.co/hoqfwm,3
others,3
//t.co/q1ckgcqvvl,37
vinegar,5
great,100
30,79
survey,7
mindblowing,2
residents,2
makes,2
genzingg,2
chefinthehat,16
app,17
avaaz,13
addressed,4
narendramodi,2
scandal,40
festivals,6
tools,2
thedailymeal,7
edenfood4change,3
use,155
consumption,2
chefs,8
next,6
actonclimate,4
1/4,2
1/3,58
1/2,2
started,11
//t.co/hhjpjmrrmm,2
//t.co/v5uqqwowgb,3
baby,2
throw,24
harvest,2
notquitenigella,4
documentarian,3
//t.co/6kool3srrb,2
animals,4
dsfoodwise,3
f,2
challenge,18
thin,2
meet,4
control,4
//t.co/27rbrilti5,2
something,10
bethsegreen,2
//t.co/r3h4a93o1b,2
educational,5
united,3
meanwhile,3
unites,2
animal,5
lastweektonight,246
stock,8
kimodonnel,16
farm,21
stop,101
178kakapo,2
collection,2
//t.co/lnqb8skbvt,24
monitoring,11
//t.co/ss14ecisbp,3
solidarity,3
//t.co/gxhptn75hw,2
light,4
lisaborden,2
nys,2
volunteers,3
fightfoodwaste,3
farm365,9
produces,4
insight,2
produced,10
looks,6
perfect,6
climatechange,15
naomistarkman,2
motherjones,6
lt,11
todaysgreenmin,3
covered,5
criminal,7
//t.co/fz7dsxkxnd,28
snapkitchen,2
//t.co/qdzmawadih,4
cutting,20
instead,5
kaibosh_nz,5
lesleydra,7
intermarche,3
//t.co,19
zerowasteweek,2
university,2
countries,12
cosmetically,3
root-to-frond,4
truth,3
hungryharvest,14
edie,3
|,23
//t.co/tpxfxjks5n,2
seniors,4
border,4
globe,24
pangie1127,2
related,2
society,8
books,2
//t.co/8jijchoxap,2
keepittighttatum,46
margins,2
agriculture,5
sentiment,2
//t.co/skxd7bfkul,3
zagrrl,12
//t.co/zpdpvpvg5d,2
hilarious,15
eddcolbert,5
cause,3
breakerpdx,2
//t.co/8mbwf2pmig,2
completely,2
dumpster,4
cofounder,2
organic,8
//t.co/pulny9n5ad,2
could,32
times,9
timeculture,3
greencirclenc,6
//t.co/w7nlizdz2j,2
foodday2015,2
powerful,2
sanjose,3
regrow,3
reached,3
sadly,4
festival,5
pots,2
system,11
faonews,6
branding,2
perfectly,2
mast,5
foodbank,2
highest,2
environmental,8
guardianeco,2
july,14
remember,5
thekitchn,9
2015,7
//t.co/radpzpknsj,2
tollllllddddd,2
//t.co/hjj8ol6m3j,2
providing,4
september,2
slabglobal,2
clip,5
food52,278
wonky_veg,3
carrots,2
microbial,2
tonight,54
prod,7
need,25
//t.co/fvi36u9ng2,2
demonstration,8
mil,2
soak,5
congrats,11
flotus,2
mix,2
//t.co/szd69whitf,4
best,15
=,9
worldwide,2
cleanpowerplan,2
combat,2
//t.co/fex,3
expires,131
backtotheroots,10
mit_alumni,12
courtesy,5
expired,3
awa,2
lexiconproject,4
1.3b,24
mustwatch,2
//t.co/rbufkuu24u,4
rwm_with_ciwm,2
currently,4
sent,2
//t.co/tdnqpvdmjo,4
planning,2
greenhouse,3
chicken,12
debate,2
podcast,2
tramlines,10
nfesh,3
cameos,2
local,14
hope,6
foodiechats,3
abused,2
means,3
zerohunger,28
nrdcfood,34
sir,2
'ben,5
carriewarring,2
nearly,3
following,3
megatrends,3
h,11
didyouknow,5
//t.co/owoeoaseab,2
broademily,5
national,12
//t.co/xfogckd2qt,2
salmon,2
edition,3
powder,7
dgunders,13
gbbo,2
biofuel,4
harvested,5
eliminate,27
genius,7
written,2
harvestbh,3
lamarathon,2
freshproduce,4
focus,3
//t.co/dcsqpy7vpl,18
scolds,3
job,4
//t.co/nw7flypfrn,4
campuskitchens,3
//t.co/vi2o,15
hits,5
piece,35
taking,13
food4good,2
greener2gethr,2
foodtech,13
bristol,2
award-winning,5
nontoxic,2
sharingfood,2
ombra,3
gooood,2
cc,6
ca,6
packaging,16
dominikajarosz,3
laugh,5
newsinc,7
table,10
oakland,2
ad,2
foodjustice,2
stophunger,2
yay,5
quiz,2
730,10
treat,5
kitchen,67
//t.co/35ak3ntwdw,6
//t.co/4lhiskozst,2
fondieuropei20,2
spain,3
huffpostimpact,2
restaurant,3
value,2
expiration,32
boswell,2
weareobeo,7
rbe,2
supply,2
almost,2
vi,2
side,2
linkedin,2
partner,4
anglian,8
//t.co/tegvs5isfh,5
stadiums,9
unite,2
anaerobic,4
serving,8
//t.co/n95j2vp5kp,5
blight,2
gets,9
incl,3
hungersolutions,6
shames,7
drink,3
v/,5
destruction,26
//,68
weapon,26
incredible,2
well,3
fighting,22
thought,6
drawing,3
inc.,2
latest,26
//t.co/nd6fntraaq,2
stores,8
tristramstuart,10
less,8
eastcarolina,3
domestic,4
dose,3
fruitbrite,3
//t.co/zln1016aqt,5
thecoreblog,2
gmo,5
tipstopreventfoodwaste,3
openeduofg,5
day,9
reasons,3
sundancetv,2
foodallergy,2
smart,9
nicolemmccann,3
increased,4
myth,2
tonij_francis,2
umikakumar,2
foodcloudire,28
know,44
'16,2
robjgreenfield,2
loss,3
like,55
lost,24
chairs,3
journalism,4
//t.co/0ebau8jciz,2
nenadodi,3
lose,7
become,8
soft,3
lowprices,3
//t.co/pgiyqbccj5,2
//t.co/l1b1ypqlp3,2
home,176
happens,3
highlighting,3
hawaiifpc,2
lead,4
reducewaste,6
avoid,12
mercredisdupavillon,26
gt,5
fruits_veggies,4
host,2
np,4
foodnetworkstar,4
r,3
superfood,2
//t.co/tmmf7as1wy,92
getting,11
//t.co/ik3mc5s6yn,3
delicacies,4
toppings,2
discard,2
em,2
washington,4
chris,3
//t.co/6oofxmojmq,2
lovely,3
vegetables,54
*,3
katflinn,15
biggest,7
ibmwatson,6
buy,13
hs,2
ht,22
basil,3
hi,3
thedailyshow,2
delivers,3
foodwaste_hero,3
eat,36
count,15
made,9
follainjams,2
signed,3
record,2
investigative,4
thefrugalgirl,2
cake,3
"200,000",18
problem,82
minutes,12
pantry,24
circulareconomy,3
footprintmedia,2
//t.co/0kzlpew7to,2
crusade,2
entire,10
'll,2
veganmondays,5
treatment,5
40,22
7/19,12
iamjohnolivers,2
book,2
details,2
u,5
talkin,9
pdx,2
junk,8
techforgood,5
stay,23
//t.co/n3bp7xwg6j,5
friends,4
fightinghunger,2
precooked,2
',50
johnoliver,151
students,7
tonnes,97
baked,4
omega3,2
